Country,Insurance Required for Residency,Public System Access,Notes
Spain,Yes,Limited,"Required for non-lucrative and digital nomad visas. Public access after residency and social security contributions."
Portugal,Yes,Full,"Required for D7/D8 visas. SNS (public system) access available to legal residents."
France,Depends,Full,"Required for long-stay visa application. PUMA (public coverage) available after 3 months of stable residence."
Italy,Yes,Full,"Required for elective residency visa. SSN (public system) access with residency registration."
Germany,Yes,Full,"Health insurance mandatory for all residents. Choice of public (gesetzliche) or private coverage."
Netherlands,Yes,Full,"Basic health insurance (basisverzekering) legally required for all residents."
Switzerland,Yes,None,"Health insurance mandatory within 3 months of arrival. No public system; all coverage is private."
United Kingdom,Depends,Full,"NHS access based on residency status. Immigration Health Surcharge required for most visa types."
Ireland,No,Full,"No insurance requirement for residency. HSE (public system) access available to residents."
Mexico,No,Limited,"No insurance required for temporary or permanent residency. IMSS access available through voluntary enrollment."
Costa Rica,Yes,Full,"CAJA (public insurance) enrollment mandatory for all residents. Private insurance accepted for initial visa."
Panama,No,Limited,"No insurance required for Pensionado or Friendly Nations visa. Public system access limited for non-citizens."
Colombia,Depends,Limited,"Digital nomad visa requires insurance. Retirement visa does not. EPS (public) enrollment available to residents."
Brazil,No,Full,"No insurance requirement for most visas. SUS (public system) available to all residents free of charge."
Thailand,Yes,None,"Required for O-A, O-X retirement visas and LTR visa. Must meet minimum coverage amounts. No public access for expats."
Vietnam,Depends,Limited,"Some work permits require insurance. Public system technically available but limited English-language care."
Japan,Yes,Full,"National Health Insurance (NHI) enrollment mandatory for residents staying 3+ months."
South Korea,Yes,Full,"National Health Insurance mandatory for residents on long-term visas (6+ months)."
Australia,Yes,Depends,"OSHC required for student visas. Medicare access depends on visa type and reciprocal agreements."
UAE,Yes,None,"Health insurance mandatory in Abu Dhabi and Dubai. No public system; employer-sponsored or private required."
